composition,specific_strength,log10_mass_gain,p_bcc,log_sigma_sd,log_mass_gain_sd,ox_distance_at_pct,density,sigma_MPa,feasible
Nb20 Ti20 V40 Zr20,11.191386556854704,3.265663193309572,0.7490753115780514,0.1003444044412632,0.7737179534646801,16.999999999999996,6.4047647431879735,71.67819804673086,False
Nb20 Ti40 V20 Zr20,7.664617951238853,2.6650630718845196,0.9203551122700633,0.10347418772336076,0.7574162226627551,0.0,6.075409935938802,46.56569605613143,True
Nb20 Ta20 Ti20 V20 W20,40.63259737601905,2.2385370660942603,0.8772644874867723,0.22394776162521726,0.7665052185917318,20.0,11.105637865509001,451.25091199309884,False
Nb25 Ti25 V25 Zr25,8.202443342035375,3.0251168979937177,0.7529396982107928,0.09666999580511565,0.7613177833224996,3.299999999999999,6.458318746888762,52.97399360615997,True
Nb25 Ta25 V25 W25,37.35654663238316,2.491959390755893,0.6790221021871324,0.3026732883477991,0.7782998537927179,19.5,12.886657142533737,481.40100848059507,False
Nb25 Ta25 Ti25 W25,33.645143319573414,1.741209238974578,0.9262057189249502,0.0963017880082433,0.7675196653614431,20.0,12.097683410904645,407.02829219471255,False
Nb25 Ta25 Ti25 V25,47.92854341396434,2.126487255601255,0.9741358933782168,0.30608550444649757,0.7609008381107133,24.999999999999996,9.16986601101934,439.4983212093765,False
Nb28 Ta17 Ti31 Zr25,35.37798567381443,2.215431870154554,0.8438116080270017,0.09912715521587981,0.7535565250471684,0.0,8.088594784201463,286.1581903967695,True
Nb28 Ti24 V23 Zr24,9.500594576308279,2.974605251991872,0.7785859628824565,0.09994774335216995,0.7595992105085471,0.0,6.541432519312256,62.14749831426462,True
Nb30 Ti30 V9 Zr30,14.757775464546917,2.769992039325387,0.8047273396768123,0.09632777098803214,0.7573942762759325,13.909090909090912,6.5097650679081625,96.06965119913967,False
Nb30 Ta9 Ti30 Zr30,35.13657569791016,2.456222311635315,0.809664349369431,0.09332950102047444,0.756228367745301,8.236060606060605,7.3888746776868075,259.61975443491406,True
Nb33 Ta36 Ti31,13.081304233066167,1.4107227904831041,0.9956175822745996,0.12387718200478218,0.7562137315702189,0.0,10.293301370909479,134.64980679550393,True
Nb33 Ti33 Zr33,27.41447482621123,2.624206405800627,0.8521414785563041,0.0868212268076916,0.7594852585768364,16.879999999999995,6.536982360700404,179.20793836680807,False
Nb33 Ta33 Zr33,9.945521924748848,2.4749072248787387,0.3259389008659617,0.2925451036304779,0.759231453678235,0.0,10.225851285284715,101.70142815702032,False
Nb33 Ta33 Ti33,17.20068472571471,1.426033549277343,0.9963416658422855,0.10042366528473592,0.7555262075409664,0.0066666666666659324,9.954269654832808,171.22025400752813,True
Nb33 Ta33 Ti33,17.206915342188104,1.42601343069916,0.996342738832705,0.10041011989364303,0.7555254714144022,0.0,9.953730857619641,171.27300420598655,True
Mo3 Nb29 Ti29 V9 Zr29,18.79964063833492,2.6741789058873544,0.8221609818883736,0.10107405749268629,0.7569453059834738,14.179117911791181,6.599351740101624,124.06544115988076,False
Mo7 Nb23 Ti23 V23 Zr23,14.460229844983148,2.7800100686076306,0.8129240146466356,0.13665023665679288,0.7595921306230511,7.233953209358127,6.685907491546065,96.67975905005082,True
Mo8 Nb28 Ti28 V8 Zr28,30.500130349158184,2.498614245173854,0.8530493970756808,0.12146378847068473,0.7564466986198768,15.189999999999998,6.766127002911377,206.367755547756,False
Mo11 Nb22 Ti22 V22 Zr22,21.2120938935816,2.63486562331692,0.8447675029536147,0.17157733585801488,0.7589420964291238,11.111111111111118,6.822863061056959,144.72721187418978,False
Mo13 Nb26 Ti26 V8 Zr26,46.47778936746606,2.341308257996958,0.8787453957218975,0.1346251393000108,0.7563573658745757,17.093420657934207,6.918440362464266,321.5538139179897,False
Mo14 Nb14 Ti14 V43 Zr14,30.440181543304764,2.867547162080769,0.8878860038901798,0.29594932509667926,0.776309243581074,34.16,6.88448935693681,209.56510585810597,False
Mo15 Nb21 Ti21 V21 Zr21,29.849886884448974,2.5021934571434263,0.8708968114962993,0.200383273277041,0.7585906930256806,14.888511148885103,6.949502749620895,207.44187097935082,False
Mo17 Nb17 Ti17 V33 Zr17,30.076932603022303,2.640036482635761,0.8881849985500573,0.2808977865300199,0.7664847455584766,26.995000499950006,6.987880362877601,210.17400671225266,False
Mo17 Nb17 Ta17 Ti17 V17 W17,69.34565491637204,1.7842567927289734,0.9599527639452352,0.08437101506594083,0.760507515886062,16.666666666666664,10.967275448342875,760.5328986135845,False
Mo18 Nb25 Ti25 V8 Zr25,64.08212513408128,2.199993131976389,0.8997055305813642,0.14203141109532416,0.7565647165518147,18.8,7.057771036364104,452.27696671997904,False
Mo18 Nb18 Ti18 V27 Zr18,34.072535791642714,2.495689895040349,0.8925827089658068,0.264679891317518,0.7620095205517301,22.44908981796359,7.050631732327991,240.23290205343736,False
Mo20 Nb18 Ta22 V18 W23,58.68089137874969,1.8450927536436552,0.9040123591659821,0.10288344598417726,0.7692262492094686,0.0,12.884130565354916,756.0522662152207,True
Mo20 Nb20 Ti20 V20 Zr20,44.58538300685028,2.322664603575482,0.9014111974578937,0.23444440896311275,0.7584849208677741,20.0,7.123120212570202,317.5870428812792,False
Mo20 Nb20 Ta20 V20 W20,67.72728946765102,1.8961385977852225,0.9236711803774126,0.08964705020982208,0.7669090625761562,4.900000000000001,12.37617214264182,838.2045932061812,True
Mo20 Nb20 Ta20 Ti20 W20,61.44837441667662,1.29553847636017,0.9764761856051724,0.08611659957694097,0.7611315125107573,20.0,11.754970785871828,722.3238461073475,False
Mo20 Nb20 Ta20 Ti20 V20,90.04449840549886,1.6037608896615114,0.9909398280138457,0.10525686391426364,0.7562029763079336,20.0,9.368315111172391,843.5652350901732,False
Mo21 Nb21 Ti21 V16 Zr21,54.388903579489934,2.222441914952151,0.9079460312824784,0.21128955490334372,0.7573715211419271,21.05210521052105,7.163810915718541,389.6318211567132,False
Mo21 Nb21 Ta21 Ti16 W21,56.48391971366521,1.2992571795192804,0.9720861986154631,0.08477617084885888,0.762375976936876,15.841579157915792,12.152656939215897,686.4296988623871,False
Mo22 Nb22 Ti22 V11 Zr22,69.16043089599565,2.110977517909092,0.9161328275992637,0.18188942149783247,0.7569378967847499,22.222222222222214,7.207996026860161,498.5081111142733,False
Mo22 Nb22 Ta22 Ti11 W22,50.96043939051429,1.3033929995726634,0.966860938202274,0.0842079525363299,0.7639356679013318,11.283333333333333,12.59690866788539,641.9440006776175,True
Mo23 Nb23 Ti23 V7 Zr23,85.76064997547962,2.0125627060365954,0.9239429025479131,0.1561314970031704,0.7572605594229139,23.25534893021396,7.246103833585534,621.43057455811,False
Mo23 Nb22 Ta26 W28,34.43871063971281,1.3516877392634548,0.9363990913523018,0.10176621090159328,0.773004535796435,0.050000000000000044,14.091806847349691,485.3036584065996,True
Mo24 Nb24 Ti24 V6 Zr24,90.70281744445697,1.9863996679944222,0.9260842183084479,0.15016038612479918,0.7574576034828604,23.529999999999998,7.256095587030037,658.1483133899153,False
Mo24 Nb24 Ta24 Ti6 W24,45.084766462706064,1.3080153864832162,0.9609806622583335,0.08492794277184733,0.7658963850798366,7.589999999999998,13.09588286039537,590.4248203838804,True
Mo25 Nb19 Ti19 V19 Zr19,57.9185656164931,2.163645306048946,0.923804840311733,0.26207844794208945,0.7587464805310066,24.52754724527547,7.279109320495972,421.59557080877244,False
Mo25 Ta25 Ti25 V25,78.63916612075239,1.435483234476362,0.9910175441602759,0.241003612971231,0.760967151541785,24.994999999999997,9.586540708025034,753.8775672617359,False
Mo25 Nb25 Ti25 Zr25,119.98167181143037,1.8463686608261052,0.9378005109662853,0.13642663491073045,0.7593044116814057,25.0,7.308609916152212,876.8992363575403,False
Mo25 Nb25 Ti25 V25,60.497427451749516,1.810605769581342,0.9973372010395735,0.28284212163102296,0.7599354803505912,27.07,7.3437566375507535,444.27838440353065,False
Mo25 Nb25 Ta25 W25,39.132704588127105,1.3132111535882807,0.9554229133517198,0.08854583345688247,0.7683723013231804,4.649999999999999,13.659873133118426,534.5477800296176,True
Mo25 Nb25 Ta25 V25,75.69361782316354,1.6984891702149572,0.9834990694474034,0.17465274746677126,0.761967142794338,20.0,10.68400058779483,808.7106573149965,False
Mo25 Nb25 Ta25 Ti25,54.887414993893806,0.947739018433642,0.996978450038187,0.09120863021526686,0.7539252709664974,22.6,10.015868995544096,549.7451580829031,False
Mo27 Nb18 Ti18 V18 Zr18,64.47448482539482,2.0674828939008436,0.9353395570482977,0.2785212435878783,0.7590664503133578,27.265453090618124,7.3744633691274135,475.46472658823546,False
Mo28 Nb22 Ti22 V7 Zr22,95.44419229472754,1.8497338866941735,0.9415597512324463,0.18139690448843449,0.7582531335059816,28.25717428257174,7.413218769815192,707.5486777891247,False
Mo30 Nb18 Ti18 V18 Zr18,68.78962340733415,1.977304519631083,0.9448744916160063,0.2941108004823052,0.7594771504881429,29.29473747374737,7.464595287399158,513.4866987083493,False
Mo31 Nb21 Ti21 V6 Zr21,95.59251330887588,1.7525351498543318,0.9505648062931057,0.20295826099671838,0.7590172010346077,30.240000000000002,7.514337221937759,718.3143808954667,False
Mo33 Ta33 Ti33,41.83457091241947,0.5046948544441527,0.9972239348798231,0.29974277843293584,0.7567685229549574,0.004999999999999449,10.520088751938216,440.1033988979058,False
Mo33 Nb17 Ti17 V17 Zr17,71.28463568842292,1.8545972013153957,0.9560118548459983,0.31598539223611904,0.7602076716468721,31.915000499950008,7.5883602989276095,540.9334993815468,False
Mo33 Nb33 Ti33,68.97011492960107,1.0048582345841262,0.9993937329859854,0.10135412673318503,0.7592272890373706,29.409999999999997,7.6730476386316795,529.2109774967311,False
Hf8 Nb31 Ta31 Ti18 Zr13,15.959961225767872,1.7117335016487811,0.8529800503750194,0.13289306277517632,0.7512271061372321,20.77207720772077,10.385474192613598,165.7517654253259,False
Hf9 Nb18 Ti36 V18 Zr18,6.7687584085209025,2.419557556967555,0.8889327475923734,0.10545556282232971,0.7542387815745996,8.181818181818183,6.866947671631665,46.48070979322986,True
Hf10 Nb14 Ti38 V19 Zr19,5.639278749236191,2.4264714741498103,0.8810852170418776,0.1096453781827571,0.7550639996539782,4.288571142885714,6.787328498542392,38.275637365915294,True
Hf10 Nb10 Ti40 V20 Zr20,4.678770577951211,2.4338261616240997,0.873098176361759,0.11847470864565618,0.7560798523298619,0.0,6.700706927176975,31.351070422349498,True
Hf11 Nb5 Ti42 V21 Zr21,3.888803048060726,2.4418454599838286,0.8657630122914559,0.1323973224434275,0.7573335008014204,4.740000000000002,6.605012579883015,25.685593053128507,True
Hf11 Ti44 V22 Zr22,3.266248463693963,2.4512655673154313,0.8606756006925803,0.15197158503340893,0.7588916645027483,9.99999999999999,6.498701696476969,21.22637443212325,True
Hf12 Mo12 Nb25 Ti25 Zr25,55.87228933159863,1.9028245335630265,0.8732037006351794,0.10209305302008652,0.754214832051679,12.5,7.872335456161119,439.84540432203653,True
Hf15 Nb20 Ta10 Ti30 Zr25,26.069802873469687,1.987778852275971,0.7915657874535308,0.10259057947767859,0.7519578481404292,14.993999399939995,8.40936496647427,219.23048696704623,False
Hf17 Mo17 Nb17 Ta17 Ti17 Zr17,90.22817542915953,1.3543930701807534,0.837060804000702,0.08488230766456166,0.7513705875658268,16.66166666666666,9.938920620524582,896.7706733251831,False
Hf17 Mo13 Nb17 Ta17 Ti17 Zr17,73.62143353580456,1.434507969196757,0.810006383730621,0.08917132925847912,0.7510792534221534,13.03630413041304,9.928764664277972,730.9698878237856,True
Hf18 Mo9 Nb18 Ta18 Ti18 Zr18,56.09908373518159,1.5218055832969546,0.7788628168092419,0.09394468998534655,0.7509878899530779,9.090909090909092,9.917882412487158,556.3841159338018,True
Hf19 Mo5 Nb19 Ta19 Ti19 Zr19,40.29263918100563,1.6175224866064675,0.7436369840161503,0.09171405002676473,0.7511588007839294,4.759524047595244,9.906165747110748,399.14556211557044,True
Hf20 Nb20 Ti20 V20 Zr20,5.9476005382413675,2.412993999954556,0.6738377435417883,0.10701727801970459,0.7568121177065165,19.999999999999996,8.059898322659388,47.93705560201967,False
Hf20 Nb20 Ta20 Ti20 Zr20,28.0274158690275,1.7227005990363962,0.7050827887974168,0.08907772331660521,0.7516733485913366,0.0,9.893543113909285,277.29044727168883,True
Hf20 Mo20 Ta20 Ti20 Zr20,77.5646030005114,1.169897382136482,0.7479153665358369,0.09233717624774448,0.7538209648619493,20.0,10.191482063232831,790.4982602214873,False
Hf20 Mo20 Nb20 Ti20 Zr20,74.85907061255318,1.469995410220466,0.8890714307907179,0.08680528060387031,0.7560850329683967,19.994999999999997,8.685089223726015,650.1577074752305,False
Hf20 Mo20 Nb20 Ta20 Zr20,87.84424612620268,1.3803021307273582,0.6654430691815904,0.08907286200115351,0.753981231461512,20.0,10.928034246675008,959.9649300404913,False
Hf20 Mo20 Nb20 Ta20 Ti20,76.84293791227057,0.7510916963064955,0.9730196375261043,0.08771407579492876,0.7549417540816064,19.994999999999997,10.81160805983829,830.7957268739578,False
Hf24 Nb23 Ti38 V15,13.301941301006062,1.6147804330800688,0.9726398021608963,0.16935686728858532,0.7582712768757188,0.0,8.179447528181523,108.80253089452975,False
Hf25 Nb25 Ti25 Zr25,16.66645100292968,1.9592804062999476,0.8083557613599411,0.09476937468385084,0.7561928892012324,0.0,8.389286057147457,139.81962502100922,True
Hf25 Nb25 Ta25 Zr25,18.55823849406707,1.847163806933563,0.3978139390302462,0.1302908755076615,0.7555970646329064,20.0,11.061637320716862,205.2845035327366,False
Hf25 Nb25 Ta25 Ti25,37.23249800236656,1.0606507639074845,0.9438389243217303,0.11826912402150318,0.7575581983502705,20.0,10.931214249320004,406.99641270124795,False
Hf25 Mo12 Nb25 Ti25 V12,35.020693352926166,1.334143396471378,0.9699724906357299,0.09929930624215084,0.7582320966632307,15.500000000000004,8.974054253080462,314.27760212965376,False
Cr11 Nb27 Ta29 Ti33,27.26324202653825,1.257406401879033,0.9271249419525152,0.22586762421165116,0.7530423371931485,0.0,9.522887975186656,259.62479965912456,False
Cr12 Ta51 Ti37,14.840828586231611,0.8618774920985796,0.8139737546396898,0.544670575646585,0.7600353428035702,0.0,11.226734748085155,166.61404597942192,False
Cr13 Nb75 W11,72.6430415879249,2.0353128621467462,0.8057138813278659,0.4396254672553441,0.7546788217792478,0.0,9.595600587085917,697.0536125087989,False
Cr18 Nb71 W11,64.92288649888664,1.933758540659684,0.6355089824932202,0.4301107846830337,0.7540517653137627,0.0,9.566092486962157,621.0583367688963,False
Cr18 Mo10 Nb22 Ta12 Ti19 Zr18,70.90516590816748,1.6026590506862495,0.2683915376915578,0.27414105336966443,0.75062329626183,4.163336342344337e-15,8.232717107638294,583.7421723921019,False
Cr18 Mo10 Nb22 Ta12 Ti19 Zr18,70.91195286917453,1.6027264651907707,0.26849587369462236,0.2741112896142676,0.7506227260211512,0.0049999999999980616,8.232752521439854,583.8005587839207,False
Cr20 Mo20 Nb20 Ta20 W19,61.174740513284,1.0585392736715469,0.4181715108386269,0.3178900984471706,0.7590316192032989,0.0,12.64349635882639,773.4626089318555,False
Cr20 Mo20 Ta20 Ti20 W20,56.91004533108173,0.8587456957706554,0.4985882983059893,0.33679410469721677,0.7608048136353471,0.0,11.784555143638613,670.6595674311059,False
Cr20 Mo20 Nb20 Ta20 V20,69.30559243539871,1.377372857662873,0.7260811723393865,0.3351328214551405,0.7556858033087537,0.0,10.14228745592902,702.9172407832735,False
Cr21 Nb19 Ta19 Ti19 Zr21,28.411452450668808,1.7604534637360358,0.07792877616243081,0.36166749737022513,0.7514091425507577,0.05000000000000143,8.611884509215612,244.67614724423063,False
Cr25 Nb26 Ta24 Ti26,41.30762606060783,1.1104443955985512,0.5240395716493119,0.41754808990166026,0.7511482849370695,0.14999999999999736,9.331161533806739,385.4481313496166,False
Cr25 Nb27 Ti24 Zr25,22.080869661771764,2.007501766140093,0.09295656817202025,0.3430897328686039,0.7543343061336757,0.0,6.703470749103914,148.01846389246307,False
Cr25 Ta25 Ti25 W25,29.441196232588805,1.1952182632376844,0.09243480213187051,0.45012097213919006,0.7683447951860288,0.0,12.166839939047046,358.2063221759829,False
Cr25 Mo25 Ta25 Ti25,64.4756608029745,0.4017480426967487,0.7526340487134525,0.42728851671252327,0.7514002485461279,0.0,9.888483176499928,637.5664871439293,False
Cr25 Mo25 Nb25 Ti25,106.42418375647685,0.7768705778017287,0.9116224384984953,0.1609307467090647,0.7531695147509682,9.97,7.5816598311877845,806.871959053428,True
Cr25 Nb64 W11,55.45934838261764,1.7674347391953176,0.33430257960336257,0.4292542066997393,0.7532174163638435,0.0,9.478795527024634,525.6878233808569,False
Cr29 Nb62 W9,54.95291203485931,1.6753597653773848,0.24898682685825732,0.4422440946497476,0.7522895521468757,0.0,9.241996636819415,507.8746282096029,False
Cr32 Nb34 Ti34,39.406231112152554,1.2115538289236425,0.6062299284028507,0.3901964342210108,0.7517676654008444,0.05000000000000282,6.705045571924735,264.2205754247812,False
Cr33 Ta31 Ti37,33.84285036942569,0.7186045576654931,0.2497233592193809,0.546618718057509,0.7530288769100812,0.0,9.375559261164153,317.29564920526167,False
Cr35 Nb65,67.28464001719081,1.5124841443704593,0.269014335498245,0.48828325570649755,0.7521488832748445,0.0,8.211901782546379,552.5348552951606,False
Cr38 Ta50 Ti12,24.31291793733135,0.5720577144750051,0.030641499153573032,0.6456520403114492,0.7593164640375811,0.0,12.255035020737944,297.9556607783234,False
Cr50 Nb50,62.204185123785706,1.1848895589283235,0.04696690968405363,0.5515932423788004,0.7519898726641827,0.0,8.02340264595629,499.08922351173715,False
Cr69 Ta31,54.74864383843196,0.30478447383810925,0.0013543550101222826,0.691734063678468,0.7569049327929106,0.0,11.01161857225882,602.8711832972608,False
Cr69 Nb31,70.846064615492,0.7699364173682846,0.007095670631184578,0.6460088717184301,0.7541579561029045,0.0,7.749620623565097,549.0301234426422,False
Cr82 Nb18,81.59652157540313,0.49694092949983776,0.0034376996872653477,0.6809320437530382,0.7570188665426562,0.0,7.54363277585268,615.5341945517814,False
Cr88 Nb12,87.55754625710858,0.3549832758082454,0.00318085354751792,0.6904810084349083,0.758951841383463,0.0,7.426956934640233,650.2861253543156,False
Cr90 Ta10,79.9682312005321,0.15783761489466364,0.0017049058855926078,0.6952085685175751,0.7596401392115252,0.0,8.482622038577658,678.3402803677071,False
Al5 Mo24 Ta24 Ti24 V24,82.12326338769981,1.3446247718515019,0.9789812737033206,0.23097616429573123,0.75956424849007,23.81,9.25220509167981,759.8212756610383,False
Al5 Cr32 Ta32 Ti32,32.76813572309579,0.6422947263643929,0.11771050176356383,0.5434904515577119,0.7525888864964211,0.01047595240475617,9.426339052761286,308.8835574528,False
Al5 Hf24 Nb24 Ti24 Zr24,15.819838453074432,1.837650986128033,0.6238950511457644,0.11105221785911587,0.7551557192486938,0.0,8.154519923546083,129.0031878528759,True
Al5 Cr24 Mo24 Ta24 Ti24,69.31264433319848,0.3579952407049939,0.5896327485082818,0.4065587987790525,0.7506393682480397,5.898059818321144e-15,9.51197636660112,659.3002348040129,False
Al6 Hf19 Nb19 Ta19 Ti19 Zr19,30.88265109407497,1.5984189406587435,0.47503619958763393,0.08703598092519205,0.7511512928820334,0.004999999999994245,9.5497619914347,294.9219676129364,False
Al6 Nb24 Ta24 Ti24 V24,52.063204729386094,1.9736192947401663,0.9330239057198857,0.28403220831000775,0.7592428701587981,23.530000000000005,8.794974047015597,457.89453439941036,False
Al6 Mo24 Nb24 Ti24 V24,57.395853274361336,1.6763116400982245,0.991664482337183,0.26321170893564716,0.7580967183027314,21.190000000000005,7.065153815351923,405.5105317467332,False
Al6 Hf24 Mo24 Nb24 Ti24,66.20276074977934,0.6731463341160481,0.9613202565189387,0.1273048814762642,0.7590971355361357,0.0,9.018078127838024,597.0216687200787,True
Al6 Nb20 Ta16 Ti28 V4 Zr26,26.593900007540388,2.200538374938166,0.5192906319525485,0.08648107316659706,0.7533164854058776,11.403601360136012,7.7057313570085535,204.92544919325397,True
Al6 Nb20 Ta20 Ti28 Zr26,27.253472032663108,2.062465887505791,0.5337553780219197,0.08878704383352166,0.7535343155335372,10.515200520052003,8.088122093400104,220.42940926924433,True
Al7 Cr16 Mo21 Nb19 Ta22 Ti16,77.07502951496159,0.6771496902939625,0.7329950499487059,0.2824432806336171,0.750129529494053,0.0,9.527122767883352,734.3032685272718,False
Al7 Hf23 Nb23 Ti23 Zr23,15.616255163995016,1.7889992180592673,0.5397803191130693,0.12328516160756596,0.7547821494307128,0.0,8.059398261638693,125.85761972200768,True
Al8 Cr31 Ta31 Ti31,34.59817339668457,0.6079684914210082,0.0873736371611445,0.5332029371767103,0.7521217622191555,9.020562075079397e-15,9.210829533359455,318.67787732247365,False
Al8 Cr31 Mo31 Ti31,83.07331616855474,0.21918155842769982,0.6891206674154665,0.22426845179743488,0.7542234882358473,0.0,6.808462921422536,565.6015928932162,False
Al8 Hf12 Nb20 Ta20 Ti20 Zr20,30.701961419388013,1.687675766641496,0.40276087655853554,0.0858613863935873,0.749969693673924,6.865000000000002,9.088974093025504,279.0493319458862,False
Al8 Cr80 Nb12,80.80235770850459,0.3096860274408149,0.0010903538581545403,0.6767834962760755,0.7568594292302228,0.0,6.964353365873215,562.7361718777155,False
Al8 Cr19 Mo18 Nb18 Ti18 V18,32.28190833218273,1.3077546474336335,0.7585199917007649,0.22867543681591876,0.7532350057319519,0.0,6.914657120785327,223.21832732166646,False
Al9 Hf9 Nb9 Ti36 V18 Zr18,4.984064528506238,2.169747068813889,0.6072741537497214,0.14507190163003536,0.7541177939257007,7.632783294297951e-15,6.371286606095151,31.75490357438574,True
Al9 Hf18 Nb18 Ta18 Ti18 Zr18,32.594985872626836,1.5230634539296015,0.34312709254064777,0.09298727266828721,0.7509051240489703,0.0050000000000043066,9.338170862427685,304.3775473370059,False
Al10 Ti87 V3,17.56479419838073,1.1639124860127996,0.9990707144013184,0.2720853014957138,0.7588221094177935,0.0,4.376283448418332,76.86851812524793,False
Al10 Cr25 Mo20 Nb22 Ti24,88.6440463211168,0.6629343313696325,0.5869091742469409,0.12144520114031483,0.7505293013296731,0.0,6.956827374988664,616.6813280765085,True
Al10 Nb20 Ta16 Ti30 V4 Zr20,32.48354108519878,1.9434188015417926,0.5311214082225092,0.08678569419281784,0.751128362008565,13.894998499849983,7.556853890694583,245.47337383322176,False
Al10 Nb10 Ti40 V20 Zr20,5.579604848105795,2.3900451211304743,0.6665657329040529,0.15103831536072052,0.7569483233348826,0.0,5.512048744080431,30.755053895466634,True
Al10 Cr20 Nb20 Ti40 V10,11.599831082273173,1.3393489682938853,0.6745423914308809,0.20754938868404785,0.7505364926659593,23.0,5.764913984995488,66.87202842978196,False
Al10 Cr22 Mo22 Ta22 Ti22,73.64078296884139,0.3142424387132394,0.41586565688048677,0.39294366130417396,0.7500231415408585,0.0,9.137337878631596,672.880715633283,False
Al10 Cr20 Nb16 Ta18 Ti17 Zr20,29.054912888328705,1.539972549552743,0.02143826954763226,0.32655335840464667,0.7505694486773747,0.05000000000000143,8.059850970246648,234.17826783342795,False
Al10 Cr23 Mo22 Nb22 V22,39.014132174528534,1.314178418236378,0.47650783784647327,0.31371050263489064,0.75664807247121,0.0,7.541327160837941,294.21833462429345,False
Al10 Cr21 Mo24 Nb23 Ti21,95.82591631195258,0.6498233760861295,0.7203387663684961,0.11457719140915755,0.7513763540122812,0.04999999999999866,7.143257632893623,684.5092081243808,True
Al10 Cr30 Ta30 Ti30,36.51202517354674,0.5756391326470529,0.06604643827036012,0.5240561171121022,0.7517286518533993,0.0,9.008369359205386,328.91380881591414,False
Al11 Nb22 Ta22 Ti22 V22,55.379125525490785,1.837621116407966,0.8583917857384408,0.27674297376502105,0.7579566411931414,22.222222222222225,8.460868848438329,468.5555180123809,False
Al11 Mo22 Nb22 Ti22 V22,54.786579600451404,1.5568375732791546,0.9787158285085731,0.25168619412639237,0.7566740657342763,18.919999999999998,6.817878487880517,373.52824248247117,False
Al11 Hf22 Mo22 Nb22 Ti22,64.39417921391829,0.6094889004811487,0.9054094854702966,0.12857460685508232,0.7575487923219725,0.0,8.696985518986946,560.0352441304975,True
Al11 Cr12 Nb31 Ti34 Zr11,25.56989467241634,1.5795001981169605,0.4942780606676339,0.19124143054006676,0.7499844205130366,0.0,6.120887591264673,156.51045101033785,False
Al12 Hf22 Nb22 Ti22 Zr22,15.44437322591276,1.6673697978873525,0.3399173054244714,0.15777808025676332,0.7539517772310872,0.0,7.818488061676842,120.75164768688036,False
Al12 Cr76 Nb12,75.79640500602801,0.2870374032570998,0.0007405438583937495,0.6660075796316077,0.7559707476698324,0.0,6.742668918040171,511.0700641333295,False
Al12 Cr25 Nb25 Ti25 Zr12,20.955241789283725,1.385855714127806,0.04812200606569838,0.28748345390637225,0.7496056304658237,0.0,6.186991366921851,129.64990004205842,False
Al13 Mo22 Ta22 Ti22 V22,86.02663483839193,1.1865768578738043,0.919674542293784,0.2650171670242684,0.7574839630684007,21.74,8.67219300152085,746.0395805898921,False
Al13 Hf17 Nb17 Ta17 Ti17 Zr17,34.463587911445096,1.4363124392792344,0.22197696805559342,0.10444969808712262,0.7506875931752215,0.005000000000000837,9.091576302859389,313.3283391672055,False
Al14 Cr29 Mo29 Ti29,76.98120393892567,0.1696697929988633,0.4625490642582019,0.1637226716542972,0.7526418004912443,0.0,6.489524809753891,499.57143284638215,False
Al15 Cr21 Mo21 Ta21 Ti21,76.81666027237839,0.27048963672148474,0.26755974165657676,0.38562424033610965,0.7495519251954395,0.0,8.764553840381797,673.2637547955778,False
Al16 Mo21 Nb21 Ti21 V21,52.75722222674963,1.4499397192112666,0.9531498974346988,0.24252727603726948,0.7555722990555875,18.92,6.597095269114748,348.0444211637254,False
Al16 Hf21 Mo21 Nb21 Ti21,62.218663867134424,0.5524156407972707,0.8097124014341301,0.12804584930799198,0.7563444515862786,0.005000000000000837,8.407667480420063,523.1138368708929,True
Al17 Hf8 Nb8 Ti33 V17 Zr17,6.02104378782002,1.9494591091180704,0.33788502989970914,0.18200265902917417,0.7528825427848734,0.0,6.091590089716883,36.677730667635835,False
Al17 Hf17 Nb17 Ta17 Ti17 Zr17,36.03512467191002,1.356699166340606,0.14344095367221282,0.11924062295336507,0.7505500431903186,0.009999999999990572,8.862387765426945,319.35724801797,False
Al17 Cr17 Hf4 Mo9 Nb17 Ti17 Zr17,31.292700003772072,1.2591457599663094,0.027995057324675738,0.2159198682767434,0.7501155554272625,0.005000000000000837,6.640952924318029,207.81334759985694,False
Al18 Cr70 Nb12,67.01351725559535,0.25306446698152707,0.00045988798532895815,0.6437018325021095,0.7548356895770804,6.938893903907228e-16,6.421429410405992,430.32257059982936,False
Al19 Mo9 Nb22 Ta10 Ti22 Zr19,67.62736538530713,1.532081915916351,0.29125443316650357,0.14726416085321414,0.7504598983350895,0.0,7.161692609942654,484.3264029098457,False
Al19 Mo10 Nb20 Ta11 Ti19 Zr20,74.00165341795066,1.5172954992159902,0.23882857350811262,0.159830966105088,0.7509347900381813,0.0,7.339996391329156,543.1718690401487,False
Al19 Cr19 Hf5 Mo10 Nb19 Ti19 Zr10,36.96065821597998,0.9626550735980857,0.048209368187395345,0.17362657763363717,0.748539919389912,0.0,6.658030632565323,246.0851946017719,False
Al19 Nb22 Ta13 Ti24 Zr22,37.73638554913029,1.7709359645761897,0.17144048316614766,0.12652335705353762,0.7512962114239173,0.0,7.084486656854677,267.34291990073723,False
Al19 Cr6 Mo8 Nb29 Ti30 Zr8,48.89961390971901,1.2444326917588215,0.5568333277097803,0.1497036934251556,0.748991603811242,1.734723475976807e-15,6.101196843607628,298.34617003960926,True
Al20 Nb20 Ta20 Ti20 W20,53.45122483457778,1.2983057917519936,0.3658310974428429,0.1977684756570564,0.7599406707585887,0.0,10.282748235069556,549.6254878300607,False
Al20 Nb20 Ta20 Ti20 V20,59.31715779899918,1.6065282050533347,0.6142433018557356,0.2843880027477032,0.7561812690518995,20.0,7.891879266860472,468.1238478030126,False
Al20 Nb30 Ta10 Ti30 Zr10,55.066591519079736,1.4705823148807062,0.5823391678993539,0.09877516913989232,0.7488818282851573,2.7755575615628914e-15,6.848974746579885,377.1496946944072,True
Al20 Mo20 Nb20 Ti20 V20,51.31022488383699,1.3538230162374048,0.9089864686407754,0.23442659855196551,0.7547202599334151,18.92,6.398951422875856,328.33163652850885,False
Al20 Hf20 Mo20 Nb20 Ti20,60.06492373453717,0.5011538228823887,0.6784965837611515,0.12862615044862574,0.7554037932867168,0.0,8.144874601504453,489.22127176673376,True
Al20 Cr20 Nb20 Ti20 Zr20,16.374559934750632,1.4984437655436147,0.010311187511912418,0.28748868468590844,0.7512055563005569,0.0,5.898617001133307,96.58725761719636,False
Al20 Cr20 Mo20 Ti20 W20,36.07482962325401,0.6088078223465486,0.08216902030308235,0.1557340965666883,0.7622137274434311,0.0,8.703436667905123,313.9749949314589,False
Al20 Cr20 Mo20 Ta20 W20,56.5362294398755,0.5191145428534409,0.018067464184206187,0.3851481291895536,0.761501345555725,0.0,11.500223901015426,650.1792970777482,False
Al20 Cr20 Mo20 Ta20 Ti20,78.36070361561127,0.22673683472973016,0.16163047843873762,0.3833787795408228,0.7492259928192092,0.0,8.393610516637162,657.7292259590824,False
Al20 Cr20 Mo20 Nb20 Ti20,77.61289126868,0.5268348628137143,0.3385906525171897,0.08571600270736048,0.7496505851510356,0.0,6.565954474975237,509.602710741356,False
Al20 Cr25 Nb20 Ti20 Zr15,18.008932979492563,1.2845441489387395,0.008867581360808981,0.3002723503958248,0.7498464869526097,0.0,5.902653704886571,106.30049497245574,False
Al20 Cr27 Mo27 Ti27,70.96618321477901,0.12684961618535406,0.2836480993341906,0.11529268878753941,0.7515528589045013,0.01199980001999612,6.217049994295066,441.20030895058443,False
Al20 Nb30 Ta10 Ti30 Zr10,55.06433045214726,1.4701672726773065,0.5823432539680077,0.0988039051433962,0.7488805464595574,0.0180018001800189,6.8476628338229775,377.06196910651556,True
Al20 Cr20 Mo20 Ta20 Ti20,77.82659297639916,0.2337158988308048,0.159631863274509,0.3832163083067043,0.7491681905856334,0.0,8.366777770793703,651.1578080915458,False
Al21 Cr21 Hf5 Mo11 Nb21 Ti21,45.329249057991476,0.6039345224088979,0.1183069119098555,0.14742100333038996,0.7485498635003692,0.005000000000001184,6.681092925273407,302.8489251893031,False
Al22 Mo10 Nb20 Ta11 Ti19 Zr19,72.23503162242176,1.4251631226495725,0.18218500214628067,0.17084963181463567,0.7504658130490648,0.0,7.201174570939379,520.1770728503855,False
Al22 Cr11 Nb22 Ti22 V22,10.402075099709476,1.6228252131137229,0.345480334436905,0.09790225092917508,0.7547242154345284,11.111111111111114,5.637475688830336,58.64144548799957,False
Al22 Cr23 Mo22 Ta23 Ti10,73.96077625742653,0.10550086545323889,0.06028719702034102,0.44221105260145666,0.7502455114557746,0.0,8.953728851580445,662.224736261406,False
Al23 Ti77,25.442746931836275,0.8342719415929318,0.9926632568459254,0.30906223370998626,0.7541365894105494,0.0,4.104091040276896,104.41934972298175,False
Al23 Cr20 Nb15 Ti32 Zr10,17.151885413365044,1.080292688247882,0.04019342643971453,0.2623005892312812,0.7487984154380988,0.0,5.402297683998581,92.65959084483102,False
Al24 Nb24 Ti24 V24 Zr6,16.715989175297455,1.9644068133340995,0.4475630075888332,0.10673751614300987,0.7556510648321823,0.0,5.578038249252435,93.24242699389887,False
Al25 Mo10 Nb19 Ta11 Ti18 Zr18,69.91758405278058,1.3620164529883283,0.1318384320155101,0.18493963259691595,0.7503236540576276,0.0,7.076439933472884,494.7675838430434,False
Al25 Nb25 Ti25 Zr25,24.541906574030886,1.8498278050658843,0.10658248073988122,0.25978350934945704,0.7530986599591468,0.0,5.693097265210386,139.71946119966404,False
Al25 Nb25 Ti25 V25,22.44373388488406,1.8140649138211213,0.6943580667880803,0.08909926662843189,0.7568281237650895,5.879999999999998,5.49626997699969,123.35682072325888,True
Al25 Nb25 Ta25 Ti25,58.14699121065422,0.9511981626734213,0.7060141840062605,0.2757199865429751,0.7511120879556332,19.999999999999996,8.239682441249935,479.11274248994187,False
Al25 Mo25 Ta25 Ti25,73.22084721946891,0.2601941415485286,0.8048917033682447,0.37601133848239326,0.7516067988474437,0.0,8.606229086542548,630.1553850814814,False
Al25 Mo25 Nb25 Ti25,79.21912090477394,0.6353166766535087,0.9312897283994728,0.09438065630849955,0.7518922100900368,20.0,6.455201954071432,511.3754240643178,False
Al25 Cr25 Mo25 Ta25,69.17651220999689,-0.02521452875695307,0.022201448068867275,0.49484136166399667,0.7520371571681341,0.0,9.497316797573491,656.9912514095512,False
Al25 Cr25 Ta25 W25,34.014230890788056,0.7706793220911663,0.0007451935132009959,0.48982813094048827,0.7703199054323296,0.0,11.817997798027406,401.98010576892904,False
Al25 Cr25 Mo25 Ti25,65.8730406341308,0.08932570091661518,0.1707001393210734,0.09410131572987779,0.7508122874559344,0.0,5.98079375769349,393.9730702248992,False
Al25 Cr25 Mo25 Ta25,68.92208420218388,-0.022790898449769448,0.021178852898548577,0.496468645442663,0.7520050881656714,0.0,9.499879369031813,654.7514857830001,False
Al25 Cr25 Mo25 Nb25,93.03098819034633,0.35233163665521067,0.06538496942063338,0.16032656414856145,0.7513840571518137,0.0,7.153417306778366,665.4894809875173,False
Al28 Cr20 Nb15 Ti27 Zr10,18.37089376938902,0.9953849000185785,0.0158019420771415,0.28210115267081004,0.7485881682519915,2.0816681711721685e-15,5.316404977195808,97.66711107111524,False
Al33 Cr20 Nb15 Ti22 Zr10,20.247542170902474,0.9104771117892749,0.006199281469274666,0.31279900020299245,0.7487106213830664,0.0,5.229968738377245,105.89401258279487,False
Al35 Cr3 Nb27 Ti22 Zr14,32.37960007006504,1.320477254706276,0.04831375612746061,0.2813155112689153,0.7493147780333059,0.0,5.433304768801727,175.92823547257711,False
Al36 Cr4 Mo2 Nb1 Ti57,33.38898719064319,0.5444591300878184,0.7270279220688604,0.3406538957545535,0.7493205187644834,0.0,4.118219594473638,137.50318128813612,False
Al38 Cr4 Mo2 Nb0 Ti57,34.75566907989439,0.5246053721906117,0.6892894517006619,0.3617875593644229,0.7491940244118267,0.0,4.003737348174408,139.1525703559636,False
Al39 Ti51 V10,28.272516028932397,0.856074456913342,0.6482945471242664,0.34160179500221877,0.7497704774951157,0.0,3.933264871911971,111.20329413716793,False
Al45 Nb8 Ti47,48.87934306038279,0.5448395728203466,0.5683548944493098,0.4019901031733601,0.7483459708456004,0.0,4.05815754847673,198.36007500507608,False
Al46 Cr3 Mo2 Nb0 Ti48,46.5642098767279,0.3807581828222076,0.3636181002829541,0.42375893035494505,0.7483574733219669,0.0,3.8722039946952056,180.30611949449172,False
Al46 Cr5 Mo5 Nb3 Ti40,48.71062921688751,0.32036888077510434,0.19432533981007505,0.4012037187417186,0.7480467946364007,0.050310031003102974,4.200273134606014,204.5979472694474,False
Al47 Ti53,51.262005899141364,0.4246767711747714,0.5983429247416435,0.4450999663796995,0.7486959237510409,0.0,3.6781015378279545,188.54686272977753,False
Al47 Cr4 Ti49,46.01129752452864,0.3808701959338422,0.29770327570097627,0.4441739432217067,0.7484576078799845,0.0,3.7327350667371286,171.7479837358833,False
Al48 Cr7 Ti45,42.30082867526208,0.3323088336569914,0.131195520908514,0.447062227640745,0.7483248223138466,0.0,3.784450225299422,160.08538061044783,False
Al48 Cr2 Nb2 Ti48,49.75438622090014,0.4060403127325943,0.3415451022009314,0.44536318638793937,0.7483937232955515,0.0,3.7794075484778595,188.04210285315278,False
Al48 Ti50 W2,50.14062594962443,0.4307162596598222,0.43885641825034327,0.45538289941369436,0.7486548450497799,0.0,3.9136511365164957,196.23291773339614,False
Al49 Cr7 Mo7 Nb5 Ti32,52.125152411919,0.24527806540994446,0.07706019025777923,0.41026899641507214,0.7481620155922356,3.1225022567582528e-15,4.362909380149088,227.41731639966227,False
Al50 Ti47 V3,50.82878815937296,0.4864663292195707,0.37288255942353965,0.45288589245268324,0.7485511108718588,0.0,3.672442573658941,186.66580560397276,False
Al50 Ti50,56.80538422212803,0.37576988515469245,0.47228435440237193,0.4681800810457592,0.7485613220895974,0.0,3.626385471754261,205.99822006054382,False
Al50 Nb2 Ti48,57.180616359670076,0.3933088461103125,0.43040893388340806,0.46409916473674917,0.7484535390798522,0.0,3.7082884626620753,212.04221993447086,False
Al51 Mo2 Ti48,59.377681139604825,0.33304202681625017,0.4250245755714851,0.46528309124080286,0.748422372862558,0.0,3.718282355971102,220.7829841198707,False
Al51 Ti49,57.95852219484726,0.36626021287301036,0.4478410820801141,0.47268763308277845,0.7485479673330864,0.0,3.6163081108671093,209.59587390709754,False
Al51 Ti49,58.2507062092517,0.3638827948025899,0.4417730445008453,0.47381439639347833,0.7485452808145004,0.0,3.613787676548783,210.50568424925748,False
Al51 Nb3 Ti46,59.13551309391203,0.38247707423364896,0.3813239721367388,0.4706420633442055,0.7484259438216196,0.0,3.7134083248362004,219.59430661639308,False
Al53 Ti47,64.33406188989143,0.3170136957000144,0.3283512984678005,0.4959324976786104,0.7485455859725728,0.0,3.5640095634686557,229.28721183235743,False
Al54 Cr3 Ti43,59.287802708233805,0.2750744043312602,0.13366865177072487,0.4975238360172506,0.7484954078498052,0.0,3.6075953752650567,213.8864028598514,False
Al56 Nb11 Ti33,69.41210220430638,0.392659831380765,0.13675953779730976,0.4922319786451662,0.7486678922648586,0.0,3.9950003434825265,277.30137214804824,False
Al61 Nb20 Ti19,82.5208533213612,0.3884579599552035,0.034217985950979905,0.5306293447380086,0.7502516695676203,0.0,4.267204666033986,352.13337033801866,False
Al68 Cr6 Hf0 Nb26,84.6062251653839,0.2641497655847259,0.001219443998265185,0.5819445711950392,0.7541390579969325,0.0,4.576408663762082,387.1926618550684,False
Al75 Ti25,132.6928350783945,-0.048769055991825794,0.013654953019378881,0.6345821858832769,0.7520233540021966,0.0,3.169577521611515,420.5802273433831,False
