time ,mass gain
0.633498921,0.00615977
1.013477229,0.018378206
1.382352637,0.027684862
1.751799093,0.042145465
2.067340783,0.055613214
2.448338517,0.071691045
2.848566849,0.088850009
3.180798218,0.102999323
3.528508543,0.119113317
3.875185616,0.134919083
4.279138636,0.152047076
4.657099916,0.167729471
4.945865015,0.182430104
5.304200334,0.198159617
5.633715298,0.212797255
5.984624417,0.226752169
6.329461144,0.243082881
6.640450621,0.258215978
6.989803226,0.272520635
7.354385522,0.290015613
