Time (min),Mass gain (mg/cm^2)
4.167758193,1.118343259
7.657190771,1.590892876
10.80063131,2.341041044
13.47000531,3.150665072
16.99211264,3.748115484
20.86166505,4.260197032
24.7300656,4.73720405
28.25221315,5.335879288
31.7723696,5.873925696
35.292962,6.425246343
38.81426223,6.998120725
42.6815109,7.440053213
46.55015827,7.924576202
50.41831198,8.39406725
54.28588976,8.846021033
58.15305615,9.285448198
62.01981116,9.712348746
65.88623706,10.129228
69.75266296,10.54610725
73.61900659,10.96048118
77.48535021,11.37485511
81.3511179,11.77169178
85.21770836,12.19358168
89.0836406,12.59542899
92.94932601,12.98976033
96.81501143,13.38409167
100.6810259,13.78844431
104.5467114,14.18277565
108.4127259,14.58712829
112.2781645,14.97394366
116.1437676,15.36576968
120.009453,15.76010102
123.8743979,16.13188445
127.7398365,16.51869982
131.6051928,16.90300987
135.4703846,17.28230927
139.3355763,17.66160867
143.2005212,18.0333921
147.0654662,18.40517553
150.9304934,18.77946428
154.7949446,19.13621577
158.6596427,19.50048323
162.524094,19.85723472
166.3885453,20.21398621
170.252832,20.56572705
174.1168718,20.90995192
177.9809117,21.25417679
181.8448693,21.59589634
185.7086624,21.93260524
189.5725377,22.27181947
193.4361662,22.60351772
197.2997947,22.93521597
201.1630941,23.25689293
205.026558,23.58358054
208.890022,23.91026814
212.7530745,24.22442913
216.6159625,24.53357947
220.4793442,24.85776176
224.3426436,25.17943872
228.2058607,25.49861035
232.0686664,25.80525537
235.9314722,26.11190039
239.7946893,26.43107202
243.6573305,26.7327064
247.5202185,27.04185674
251.3831065,27.35100708
255.2456654,27.65013613
259.1082243,27.94926517
262.9703718,28.2358676
266.8328484,28.53249133
270.695325,28.82911505
274.5575548,29.11822281
278.4193733,29.39480394
282.2816853,29.68641702
286.1435037,29.96299815
290.0058158,30.25461123
293.8676342,30.53119237
297.7293703,30.80526818
300.3612148,30.9568927
