Time (h),Mass gain (mg/cm^2)
0.605679992,0.103283052
1.825733231,0.1946116
3.04578647,0.376970235
5.485892947,0.502969805
6.705946186,0.459941921
7.925999424,0.468895701
9.146052663,0.485310962
10.3661059,0.483072518
11.58615914,0.518141486
12.80621238,0.530079858
14.02626562,0.527095265
15.24631886,0.536049044
16.4663721,0.534556748
17.68642533,0.54649512
18.90647857,0.545002823
20.12653181,0.553956602
21.34658505,0.570371864
22.56663829,0.586787126
23.78669153,0.589771719
25.00674477,0.595740905
26.226798,0.594248609
27.44685124,0.600217795
28.66690448,0.604694684
29.88695772,0.612156167
31.10701096,0.600217795
32.3270642,0.601710091
33.54711744,0.621109946
34.76717068,0.639017504
35.98722391,0.647971283
37.20727715,0.647971283
38.42733039,0.655432766
39.64738363,0.661401952
40.86743687,0.658417359
42.08749011,0.667371138
43.30754335,0.671848028
44.52759659,0.676324917
45.74764982,0.676324917
46.96770306,0.6837864
47.79955754,0.661401952
