time, mass gain
3.2090928529051514, 0.1420574992885158
3.682297128113729, 0.1599893572997715
4.2259602146491435, 0.18443982729988975
4.955446800146048, 0.21086739459775
5.769290822296531, 0.2416815554395131
6.7156910839283865, 0.27049042546289437
7.873720181170166, 0.3023028077519546
9.231584253527574, 0.3386452736909677
10.821652199510812, 0.3695074427657019
12.68580120054159, 0.4041233238848738
14.871626334369832, 0.44438002770902746
17.431949954526065, 0.48008155487885384
20.435894929549228, 0.5291603493270329
23.953648030506024, 0.569865332997232
28.074022324103968, 0.6045604298861719
32.90176361696925, 0.6374380524616818
38.56147393767812, 0.6765787408787055
45.18635382883988, 0.6990473219446621
52.953832772634115, 0.7310847550208041
62.04428389900315, 0.7430538975678633
72.7070682514575, 0.7731697686914114
85.19406100862311, 0.7932780386328211
99.8265282697807, 0.814984111079649
116.95725885658402, 0.8219565098210437
137.03127782340925, 0.8321202494839021
160.53649245337797, 0.8316788539693695
188.0781539004832, 0.834157680760009
220.32839378818608, 0.8276388483183564
258.08042727268224, 0.8082688782686444
302.33385955464894, 0.801846535750713
354.29821968481, 0.8363847801219662
415.23382795190344, 0.8845838273675669
486.6408533011147, 0.9330943960846104
570.3458177495605, 0.988822114423627
668.4302241262932, 1.0437375993285294
783.396840638197, 1.1046145877231475
918.141318918717, 1.1698139386996087
1076.056980278635, 1.2380444495252165
1261.1850783813265, 1.3180589367862174
1478.1227450163578, 1.3977000844332572
1732.3444812732448, 1.4782465195261494
2030.2712012341483, 1.5613727484511042
2379.4458813957494, 1.650261990536539
2788.678193792541, 1.7446721460721635
3268.385269086698, 1.852044868464464
3830.7684866238833, 1.9777360379212192
4393.2183022230465, 2.0563798524444357
