time, mass gain
676.1645121,0.034306188
908.9789816,0.043386771
1144.24413,0.054799661
1371.106951,0.064633388
1602.170936,0.074851087
1833.234921,0.084511073
2064.298906,0.094779474
2295.362891,0.104591563
2515.923967,0.114645341
2725.174219,0.123167667
2967.549028,0.133426204
3198.613013,0.142934087
3408.671181,0.152014979
3618.729349,0.16108616
3849.793334,0.17076149
4080.857319,0.180827086
4290.915487,0.190088248
4500.973655,0.199979172
4732.03764,0.208755891
4963.101624,0.218720084
5183.662701,0.228728231
5404.223777,0.23794544
5635.287762,0.248365943
5866.351747,0.25802593
6091.113987,0.266192268
