time,mass gain
0.224916057673315,1.19854280510018
0.628579893343868,1.41712204007285
1.16778589768911,1.63570127504553
1.84179340312067,1.90892531876138
2.51555401935611,2.20036429872495
3.59520047402725,2.54644808743169
4.40450325893738,2.83788706739526
5.61969188228323,3.183970856102
7.24150701165316,3.53005464480874
8.72852063993679,3.82149362477231
10.216768714201,4.02185792349726
11.8398182895516,4.27686703096539
13.7339522022516,4.53187613843351
16.035453288564,4.73224043715847
18.3369543748765,4.93260473588342
20.3673711238396,5.13296903460837
22.6698597669366,5.26047358834244
25.3784811376654,5.42440801457194
27.9520541181117,5.55191256830601
30.6604285996444,5.73406193078324
33.0969780762393,5.97085610200364
35.1264072684179,6.24408014571949
37.2918724076634,6.48087431693989
39.0507110408848,6.71766848816029
41.4872605174797,6.95446265938069
43.2473335966818,7.10018214936247
44.3279676081374,7.37340619307832
45.6809204029231,7.55555555555555
47.3052044242543,7.71948998178506
48.3870728816906,7.90163934426229
50.958670748568,8.17486338797814
52.3113766541576,8.37522768670309
54.0697215089867,8.64845173041894
56.2361742050167,8.81238615664845
58.4018862334584,9.03096539162113
61.3810981631443,9.23132969034608
64.089472644677,9.41347905282331
66.3912206201856,9.59562841530054
69.1000888801106,9.74134790528233
72.6217163736915,9.92349726775956
74.9234643492,10.1056466302367
78.1742543946277,10.2695810564663
80.747827375074,10.3970856102003
83.3214003555204,10.5245901639344
88.332016590954,10.8524590163934
91.5830535255777,10.9981785063752
95.24170452301,11.0710382513661
98.2223977878728,11.1621129326047
