time,mass gain
0.516643195,17.83024696
0.552689463,18.51895645
0.586592295,19.07539681
0.62257478,19.70257461
0.657197985,20.32149059
0.701296808,21.09655552
0.744315446,21.8700978
0.791399353,22.58301325
0.838431083,23.24661657
0.88986175,24.1320985
0.950601013,25.2545401
1.00238112,25.71562507
1.056219272,25.99853952
1.129128103,27.52873762
1.198390578,28.42084426
1.271901722,29.48991971
1.35065295,30.34805532
1.428856645,31.3239423
1.537163286,32.67077516
1.631455275,33.76039818
1.731531281,34.74298971
1.837746105,35.95104128
1.946960722,37.31352896
2.070121565,38.42422879
2.197106044,39.8513514
2.331879949,41.16161945
2.474921095,42.61234758
2.626736608,44.05369125
2.78786472,45.31512785
2.958876682,46.93371576
3.140378783,48.72145794
3.333014506,50.20836369
3.537466805,51.85915877
3.765766252,53.58713407
3.984764978,55.50285434
4.224621326,57.37558382
4.488622172,59.26681119
4.794677519,62.78050931
5.056190041,63.24260077
5.355793722,64.62457679
5.692442868,67.64313266
6.044896882,69.79968237
6.454882555,72.31736842
6.809249308,74.70390372
7.226939261,77.33681894
7.670250965,79.91612654
8.140756099,82.16684476
8.640122751,85.29664457
9.071396336,87.36506679
9.785448172,94.68823403
10.30173053,94.63956212
11.14274007,98.31578151
11.82625309,101.5482949
12.57435821,104.8638696
13.3216343,108.2365628
14.11586628,112.2327428
15.00610034,115.841412
15.92659789,119.6501487
16.9035602,123.5841123
17.79539568,127.3879099
19.07532795,134.5369307
20.65121329,142.0035513
22.03693605,143.8070158
23.38871602,148.19579
24.82341626,153.1383585
26.34612326,158.0286916
27.96223547,164.2734757
29.67748252,169.6746046
31.55482073,174.9830594
33.43007851,180.8498706
35.33169091,186.9178796
37.65717487,193.3795787
39.9671246,200.0120561
42.48769929,206.4714734
45.02080363,213.2830057
48.17193783,212.2905818
