Time (h),Mass gain (mg/mm2)
1.560914966,0.116184639
1.953707842,0.128864202
2.723036834,0.140509481
4.271176942,0.151511205
5.954375524,0.16139019
7.759573163,0.169680138
9.694290153,0.177069527
11.43082739,0.182749154
13.25166331,0.188163187
14.94838895,0.192105309
16.71743612,0.195072348
18.48335555,0.202092946
20.17149404,0.205569814
22.00493733,0.208557748
23.70834131,0.213120092
26.44360028,0.216050565
34.7246164,0.231679755
37.64292859,0.235882562
39.49622173,0.238983592
41.23855229,0.24179276
44.32091277,0.247053566
46.14369772,0.249941669
47.91300285,0.252574394
49.68275941,0.254622068
51.45251597,0.256669743
53.22210163,0.258938901
54.99197534,0.260834741
57.24300723,0.265236545
59.066326,0.267432803
60.62137868,0.269475835
62.68052097,0.272131776
64.48232565,0.274384218
66.25198225,0.276561439
68.0858286,0.279027006
69.78994762,0.282662673
71.55757602,0.28746844
73.31027829,0.290748899
75.13580306,0.293564451
76.74000534,0.295677712
78.61854193,0.298195748
80.45793618,0.30042776
82.17408394,0.302387212
83.94387274,0.304393098
85.91019726,0.306761157
87.71566316,0.30890634
89.52124729,0.310898295
91.36060213,0.313181383
93.17459937,0.315284428
94.88398961,0.317305985
96.65432335,0.318605631
98.42395416,0.320816284
99.63076465,0.322007278
123.0769231,0.345132743
147.6923077,0.362831858
193.8461538,0.389380531
240,0.407079646
276.9230769,0.424778761
320,0.442477876
369.2307692,0.460176991
405.4276159,0.46886165
423.0100334,0.474028472
441.8060201,0.484609465
455.6521739,0.489309075
482.9431438,0.497883801
500.780379,0.503526998
517.458194,0.508272412
542.3411371,0.51572283
558.3946488,0.517634988
580.8695652,0.52474728
598.5284281,0.524327539
614.5819398,0.526356291
638.3411371,0.535744517
656.3210702,0.539438245
673.9799331,0.543635664
686.8227425,0.545440554
718.9297659,0.552030501
736.5886288,0.553709469
752.9988852,0.556111325
771.9063545,0.561684564
787.1571906,0.563389765
818.4615385,0.571128756
831.3043478,0.573143517
