Time (h),Mass gain (mg/cm2)
0.877849831,0.047399787
0.980903332,0.033097108
0.844346549,0.022248611
1.120373664,0.001411881
0.877801188,0.062369661
0.94933566,0.074008811
1.415269176,0.09624593
1.26368228,0.084006895
1.727265956,0.109289408
4.206205077,0.131366916
5.808790194,0.141373126
7.57290391,0.150733924
9.337662522,0.159258937
11.1032595,0.166697428
12.9226659,0.173964119
14.86500387,0.180917722
17.13111039,0.191124415
20.30868071,0.20168893
19.61540644,0.195824555
22.18365141,0.206509509
23.95160559,0.210893072
25.72054259,0.21400289
27.45678066,0.217751389
29.2574385,0.221490136
32.31077642,0.229581585
33.97872803,0.231760689
35.8482041,0.236379656
37.61756543,0.238939547
39.38711194,0.241259449
41.15626352,0.24409117
42.92524621,0.247141788
44.69448152,0.249864989
58.84397294,0.277341505
60.75354323,0.277072576
62.38247572,0.282746252
64.1521033,0.284961084
65.92121496,0.287844544
67.7584411,0.289408159
69.61281324,0.289620124
74.77163609,0.295959624
76.54121423,0.298238532
78.31098184,0.300271879
80.08066224,0.302418256
81.85010464,0.304873078
83.61975249,0.307061642
85.38956893,0.309031708
87.13252122,0.311035105
88.91085948,0.312191071
90.67785819,0.314539269
92.53186072,0.316389672
94.23827034,0.319375549
96.15899466,0.320551618
97.82160758,0.322327013
99.31612855,0.32397856
100.1815576,0.313527181
120.1337793,0.337647347
137.7926421,0.354122215
156.3688485,0.367613917
169.09699,0.372450943
193.0167224,0.388226241
202.006689,0.393997691
234.1137124,0.407009689
250.9698997,0.413851481
285.4849498,0.425058589
303.1438127,0.428206653
320.8026756,0.431774459
338.9202102,0.441488485
357.7257525,0.460561755
373.7792642,0.458847809
388.2274247,0.450722805
410.7023411,0.449403617
428.361204,0.449403617
489.3645485,0.460107034
507.0234114,0.460946518
524.6822742,0.463255098
548.7625418,0.468501871
566.4214047,0.470180839
584.0802676,0.471859806
599.3311037,0.472489419
646.6889632,0.477946063
664.3478261,0.480044772
682.006689,0.48172374
693.2441472,0.48172374
720.5351171,0.4863409
738.1939799,0.4863409
755.8528428,0.487600126
773.5117057,0.488649481
790.367893,0.490034629
863.4113712,0.496204834
881.0702341,0.497883801
898.729097,0.498093672
916.3879599,0.498513414
932.7982163,0.500192382
950.90301,0.504809542
985.4180602,0.504809542
